[
  {
    "id": 0,
    "name": "JUnit",
    "status": {
      "statusType": "NotInitialized",
      "nextStatusType": "",
      "description": "",
      "errors": [],
      "progressPercents": -1,
      "cancelling": false
    },
    "historyRange": {
      "from": "01/01/2010",
      "to": "01/01/2015"
    },
    "historyTillToday": true,
    "updateSchedule": {
      "cron": ""
    },
    "defaultFileCharset": "UTF-8",
    "miners": [
      "linesAndCharsDiff",
      "todosDiff"
    ],
    "vcsRoots": [
      {
        "id": 0,
        "vcsType": "git",
        "url": "https://github.com/junit-team/junit"
      }
    ],
    "visualizations": [
      "Code Churn Chart",
      "Amount Of Committers Chart",
      "Committers Changing Same Files Graph",
      "Commit Messages Word Cloud",
      "Amount Of Commits By Committer Chart",
      "Amount Of TODOs Chart",
      "Amount Of Files In Commit Chart",
      "Amount Of Changing Files Chart",
      "Change Size By File Type Chart",
      "Files In The Same Commit Graph",
      "Changes Treemap",
      "Commit Time Punchcard",
      "Time Between Commits Histogram",
      "Commit Messages Word Chart"
    ],
    "version": 0,
    "schemaVersion": 1
  },
  {
    "id": 1,
    "name": "Clojure",
    "status": {
      "statusType": "NotInitialized",
      "nextStatusType": "",
      "description": "",
      "errors": [],
      "progressPercents": -1,
      "cancelling": false
    },
    "historyRange": {
      "from": "01/01/2010",
      "to": "01/01/2014"
    },
    "historyTillToday": true,
    "updateSchedule": {
      "cron": ""
    },
    "defaultFileCharset": "UTF-8",
    "miners": [
      "linesAndCharsDiff",
      "todosDiff"
    ],
    "vcsRoots": [
      {
        "id": 0,
        "vcsType": "git",
        "url": "https://github.com/clojure/clojure"
      }
    ],
    "visualizations": [
      "Code Churn Chart",
      "Amount Of Committers Chart",
      "Committers Changing Same Files Graph",
      "Amount Of Commits By Committer Chart",
      "Amount Of TODOs Chart",
      "Amount Of Files In Commit Chart",
      "Amount Of Changing Files Chart",
      "Change Size By File Type Chart",
      "Files In The Same Commit Graph",
      "Changes Treemap",
      "Commit Time Punchcard",
      "Time Between Commits Histogram",
      "Commit Messages Word Chart",
      "Commit Messages Word Cloud"
    ],
    "version": 0,
    "schemaVersion": 1
  }
]