[
    {"extension": ".jar", "binary": true},
    {"extension": ".zip", "binary": true},
    {"extension": ".class", "binary": true},
    {"extension": ".java", "binary": false},
    {"extension": ".so", "binary": true},
    {"extension": ".so", "binary": true},
    {"extension": ".dll", "binary": true},
    {"extension": ".gif", "binary": true},
    {"extension": ".jpg", "binary": true},
    {"extension": ".png", "binary": true},
    {"extension": ".ico", "binary": true},
    {"extension": ".svg", "binary": true},
    {"extension": ".ttf", "binary": true},
    {"extension": ".woff", "binary": true},
    {"extension": ".woff2", "binary": true},
    {"extension": ".swf", "binary": true}
]